year,ranking,player,salary
2025,1,Stephen Curry,59606817.0
2026,1,Stephen Curry,62587158.0
2027,1,Stephen Curry,
2028,1,Stephen Curry,
2025,T2,Nikola Jokic,55224526.0
2026,T2,Nikola Jokic,59033114.0
2027,T2,Nikola Jokic,62841702.0
2028,T2,Nikola Jokic,
2025,T2,Joel Embiid,55224526.0
2026,T2,Joel Embiid,59539018.0
2027,T2,Joel Embiid,64302139.0
2028,T2,Joel Embiid,69065261.0
2025,4,Kevin Durant,54708608.0
2026,4,Kevin Durant,
2027,4,Kevin Durant,
2028,4,Kevin Durant,
2025,T5,Jimmy Butler,54126450.0
2026,T5,Jimmy Butler,56832773.0
2027,T5,Jimmy Butler,
2028,T5,Jimmy Butler,
2025,T5,Anthony Davis,54126450.0
2026,T5,Anthony Davis,58456566.0
2027,T5,Anthony Davis,62786682.0
2028,T5,Anthony Davis,
2025,T5,Jayson Tatum,54126450.0
2026,T5,Jayson Tatum,58456566.0
2027,T5,Jayson Tatum,62786682.0
2028,T5,Jayson Tatum,67116798.0
2025,T5,Giannis Antetokounmpo,54126450.0
2026,T5,Giannis Antetokounmpo,58456566.0
2027,T5,Giannis Antetokounmpo,62786682.0
2028,T5,Giannis Antetokounmpo,
2025,T9,K. Towns,53142264.0
2026,T9,K. Towns,57078728.0
2027,T9,K. Towns,61015192.0
2028,T9,K. Towns,
2025,T9,Jaylen Brown,53142264.0
2026,T9,Jaylen Brown,57078728.0
2027,T9,Jaylen Brown,61015192.0
2028,T9,Jaylen Brown,64951656.0
2025,T9,Devin Booker,53142264.0
2026,T9,Devin Booker,57078728.0
2027,T9,Devin Booker,61015192.0
2028,T9,Devin Booker,69877500.0
2025,12,LeBron James,52627153.0
2026,12,LeBron James,
2027,12,LeBron James,
2028,12,LeBron James,
2025,13,Paul George,51666090.0
2026,13,Paul George,54126380.0
2027,13,Paul George,56586670.0
2028,13,Paul George,
2025,14,Kawhi Leonard,50000000.0
2026,14,Kawhi Leonard,50300000.0
2027,14,Kawhi Leonard,
2028,14,Kawhi Leonard,
2025,15,Zach LaVine,47499660.0
2026,15,Zach LaVine,48967380.0
2027,15,Zach LaVine,
2028,15,Zach LaVine,
2025,T16,Lauri Markkanen,46394100.0
2026,T16,Lauri Markkanen,46113154.0
2027,T16,Lauri Markkanen,49824681.0
2028,T16,Lauri Markkanen,53536209.0
2025,T16,Donovan Mitchell,46394100.0
2026,T16,Donovan Mitchell,50105628.0
2027,T16,Donovan Mitchell,53817156.0
2028,T16,Donovan Mitchell,
2025,T16,Cade Cunningham,46394100.0
2026,T16,Cade Cunningham,50105628.0
2027,T16,Cade Cunningham,53817156.0
2028,T16,Cade Cunningham,57528684.0
2025,T16,Evan Mobley,46394100.0
2026,T16,Evan Mobley,50105628.0
2027,T16,Evan Mobley,53817156.0
2028,T16,Evan Mobley,57528684.0
2025,T16,Jamal Murray,46394100.0
2026,T16,Jamal Murray,50105628.0
2027,T16,Jamal Murray,53817156.0
2028,T16,Jamal Murray,57528684.0
2025,T21,Luka Doncic,45999660.0
2026,T21,Luka Doncic,48967380.0
2027,T21,Luka Doncic,
2028,T21,Luka Doncic,
2025,T21,Trae Young,45999660.0
2026,T21,Trae Young,48967380.0
2027,T21,Trae Young,
2028,T21,Trae Young,
2025,T23,Pascal Siakam,45550512.0
2026,T23,Pascal Siakam,48924624.0
2027,T23,Pascal Siakam,52298736.0
2028,T23,Pascal Siakam,
2025,T23,T. Haliburton,45550512.0
2026,T23,T. Haliburton,48924624.0
2027,T23,T. Haliburton,52298736.0
2028,T23,T. Haliburton,55672848.0
2025,T23,Anthony Edwards,45550512.0
2026,T23,Anthony Edwards,48924624.0
2027,T23,Anthony Edwards,52298736.0
2028,T23,Anthony Edwards,55672848.0
2025,26,Domantas Sabonis,42336000.0
2026,26,Domantas Sabonis,45472000.0
2027,26,Domantas Sabonis,48608000.0
2028,26,Domantas Sabonis,
2025,27,OG Anunoby,39568966.0
2026,27,OG Anunoby,42500000.0
2027,27,OG Anunoby,45431034.0
2028,27,OG Anunoby,48362068.0
2025,T28,Zion Williamson,39446090.0
2026,T28,Zion Williamson,42166510.0
2027,T28,Zion Williamson,44886930.0
2028,T28,Zion Williamson,
2025,T28,Ja Morant,39446090.0
2026,T28,Ja Morant,42166510.0
2027,T28,Ja Morant,44886930.0
2028,T28,Ja Morant,
2025,T28,Darius Garland,39446090.0
2026,T28,Darius Garland,42166510.0
2027,T28,Darius Garland,44886930.0
2028,T28,Darius Garland,
2025,31,James Harden,39182693.0
2026,31,James Harden,42317307.0
2027,31,James Harden,
2028,31,James Harden,
2025,T32,Scottie Barnes,38661700.0
2026,T32,Scottie Barnes,41754636.0
2027,T32,Scottie Barnes,44847572.0
2028,T32,Scottie Barnes,47940508.0
2025,T32,Franz Wagner,38661700.0
2026,T32,Franz Wagner,41754636.0
2027,T32,Franz Wagner,44847572.0
2028,T32,Franz Wagner,47940508.0
2025,T34,Michael Porter,38333050.0
2026,T34,Michael Porter,40806150.0
2027,T34,Michael Porter,
2028,T34,Michael Porter,
2025,T34,S. Gilgeous-Alexander,38333050.0
2026,T34,S. Gilgeous-Alexander,40806150.0
2027,T34,S. Gilgeous-Alexander,63706720.0
2028,T34,S. Gilgeous-Alexander,68803258.0
2025,36,Brandon Ingram,38095238.0
2026,36,Brandon Ingram,40000000.0
2027,36,Brandon Ingram,41904762.0
2028,36,Brandon Ingram,
2025,T37,LaMelo Ball,37958760.0
2026,T37,LaMelo Ball,40770520.0
2027,T37,LaMelo Ball,43582280.0
2028,T37,LaMelo Ball,46394040.0
2025,T37,Tyrese Maxey,37958760.0
2026,T37,Tyrese Maxey,40770520.0
2027,T37,Tyrese Maxey,43582280.0
2028,T37,Tyrese Maxey,46394040.0
2025,T39,De'Aaron Fox,37096620.0
2026,T39,De'Aaron Fox,
2027,T39,De'Aaron Fox,
2028,T39,De'Aaron Fox,
2025,T39,Bam Adebayo,37096620.0
2026,T39,Bam Adebayo,51935268.0
2027,T39,Bam Adebayo,56090089.0
2028,T39,Bam Adebayo,60244910.0
2025,41,Desmond Bane,36725670.0
2026,41,Desmond Bane,39446090.0
2027,41,Desmond Bane,42166510.0
2028,41,Desmond Bane,44886930.0
2025,42,Kyrie Irving,36566002.0
2026,42,Kyrie Irving,39491282.0
2027,42,Kyrie Irving,42416562.0
2028,42,Kyrie Irving,
2025,T43,Rudy Gobert,35000000.0
2026,T43,Rudy Gobert,36500000.0
2027,T43,Rudy Gobert,38000000.0
2028,T43,Rudy Gobert,
2025,T43,Jalen Suggs,35000000.0
2026,T43,Jalen Suggs,32400000.0
2027,T43,Jalen Suggs,29600000.0
2028,T43,Jalen Suggs,26800000.0
2025,T43,Jaren Jackson Jr,35000000.0
2026,T43,Jaren Jackson Jr,49000000.0
2027,T43,Jaren Jackson Jr,50500000.0
2028,T43,Jaren Jackson Jr,52000000.0
2025,46,Jalen Brunson,34944001.0
2026,46,Jalen Brunson,37739521.0
2027,46,Jalen Brunson,40535041.0
2028,46,Jalen Brunson,43330561.0
2025,47,Alperen Sengun,33944954.0
2026,47,Alperen Sengun,35642202.0
2027,47,Alperen Sengun,37339450.0
2028,47,Alperen Sengun,39036697.0
2025,48,Khris Middleton,33345679.0
2026,48,Khris Middleton,
2027,48,Khris Middleton,
2028,48,Khris Middleton,
2025,49,Jalen Green,33333333.0
2026,49,Jalen Green,36000000.0
2027,49,Jalen Green,36000000.0
2028,49,Jalen Green,
2025,50,I. Quickley,32500000.0
2026,50,I. Quickley,32500000.0
2027,50,I. Quickley,32500000.0
2028,50,I. Quickley,32500000.0
2025,51,Jrue Holiday,32400000.0
2026,51,Jrue Holiday,34800000.0
2027,51,Jrue Holiday,37200000.0
2028,51,Jrue Holiday,
2025,52,Jerami Grant,32000001.0
2026,52,Jerami Grant,34206898.0
2027,52,Jerami Grant,36413790.0
2028,52,Jerami Grant,
2025,53,Jordan Poole,31848215.0
2026,53,Jordan Poole,34044642.0
2027,53,Jordan Poole,
2028,53,Jordan Poole,
2025,54,Tyler Herro,31000000.0
2026,54,Tyler Herro,33000000.0
2027,54,Tyler Herro,
2028,54,Tyler Herro,
2025,55,Julius Randle,30864198.0
2026,55,Julius Randle,33333334.0
2027,55,Julius Randle,35802468.0
2028,55,Julius Randle,
2025,56,Dejounte Murray,30801103.0
2026,56,Dejounte Murray,32785071.0
2027,56,Dejounte Murray,30751504.0
2028,56,Dejounte Murray,
2025,57,K. Porzingis,30731707.0
2026,57,K. Porzingis,
2027,57,K. Porzingis,
2028,57,K. Porzingis,
2025,58,CJ McCollum,30666666.0
2026,58,CJ McCollum,
2027,58,CJ McCollum,
2028,58,CJ McCollum,
2025,59,Jalen Johnson,30000000.0
2026,59,Jalen Johnson,30000000.0
2027,59,Jalen Johnson,30000000.0
2028,59,Jalen Johnson,30000000.0
2025,60,I. Hartenstein,28500000.0
2026,60,I. Hartenstein,28500000.0
2027,60,I. Hartenstein,
2028,60,I. Hartenstein,
2025,61,Andrew Wiggins,28223215.0
2026,61,Andrew Wiggins,30169644.0
2027,61,Andrew Wiggins,
2028,61,Andrew Wiggins,
2025,62,Derrick White,28100000.0
2026,62,Derrick White,30348000.0
2027,62,Derrick White,32596000.0
2028,62,Derrick White,34844000.0
2025,63,RJ Barrett,27705357.0
2026,63,RJ Barrett,29616071.0
2027,63,RJ Barrett,
2028,63,RJ Barrett,
2025,64,Anfernee Simons,27678571.0
2026,64,Anfernee Simons,
2027,64,Anfernee Simons,
2028,64,Anfernee Simons,
2025,65,Devin Vassell,27000000.0
2026,65,Devin Vassell,27000000.0
2027,65,Devin Vassell,24652174.0
2028,65,Devin Vassell,27000000.0
2025,66,Terry Rozier,26643031.0
2026,66,Terry Rozier,
2027,66,Terry Rozier,
2028,66,Terry Rozier,
2025,67,Tobias Harris,26634146.0
2026,67,Tobias Harris,
2027,67,Tobias Harris,
2028,67,Tobias Harris,
2025,68,John Collins,26580000.0
2026,68,John Collins,
2027,68,John Collins,
2028,68,John Collins,
2025,69,Draymond Green,25892857.0
2026,69,Draymond Green,27678571.0
2027,69,Draymond Green,
2028,69,Draymond Green,
2025,70,Deandre Ayton,25550814.0
2026,70,Deandre Ayton,
2027,70,Deandre Ayton,
2028,70,Deandre Ayton,
2025,71,Nicolas Claxton,25352272.0
2026,71,Nicolas Claxton,23147727.0
2027,71,Nicolas Claxton,20943184.0
2028,71,Nicolas Claxton,
2025,72,Myles Turner,25318251.0
2026,72,Myles Turner,26584164.0
2027,72,Myles Turner,27850077.0
2028,72,Myles Turner,29115990.0
2025,T73,Fred VanVleet,25000000.0
2026,T73,Fred VanVleet,25000000.0
2027,T73,Fred VanVleet,
2028,T73,Fred VanVleet,
2025,T73,Miles Bridges,25000000.0
2026,T73,Miles Bridges,22826087.0
2027,T73,Miles Bridges,
2028,T73,Miles Bridges,
2025,T73,Trey Murphy,25000000.0
2026,T73,Trey Murphy,27000000.0
2027,T73,Trey Murphy,29000000.0
2028,T73,Trey Murphy,31000000.0
2025,76,Mikal Bridges,24900000.0
2026,76,Mikal Bridges,
2027,76,Mikal Bridges,
2028,76,Mikal Bridges,
2025,77,DeMar DeRozan,24570000.0
2026,77,DeMar DeRozan,25740000.0
2027,77,DeMar DeRozan,
2028,77,DeMar DeRozan,
2025,78,Jaden McDaniels,24393104.0
2026,78,Jaden McDaniels,25750001.0
2027,78,Jaden McDaniels,28006898.0
2028,78,Jaden McDaniels,29813790.0
2025,79,De'Andre Hunter,23303571.0
2026,79,De'Andre Hunter,24910714.0
2027,79,De'Andre Hunter,
2028,79,De'Andre Hunter,
2025,80,Aaron Gordon,22841455.0
2026,80,Aaron Gordon,31978037.0
2027,80,Aaron Gordon,34536280.0
2028,80,Aaron Gordon,37094523.0
2025,81,Damian Lillard,22516603.0
2026,81,Damian Lillard,22516603.0
2027,81,Damian Lillard,22516603.0
2028,81,Damian Lillard,22516603.0
2025,82,Kyle Kuzma,22410605.0
2026,82,Kyle Kuzma,20345152.0
2027,82,Kyle Kuzma,
2028,82,Kyle Kuzma,
2025,83,Dillon Brooks,22124110.0
2026,83,Dillon Brooks,20992727.0
2027,83,Dillon Brooks,
2028,83,Dillon Brooks,
2025,84,K. Caldwell-Pope,21621500.0
2026,84,K. Caldwell-Pope,21621500.0
2027,84,K. Caldwell-Pope,
2028,84,K. Caldwell-Pope,
2025,85,Naz Reid,21551724.0
2026,85,Naz Reid,23275862.0
2027,85,Naz Reid,25000000.0
2028,85,Naz Reid,26724138.0
2025,86,Nikola Vucevic,21481481.0
2026,86,Nikola Vucevic,
2027,86,Nikola Vucevic,
2028,86,Nikola Vucevic,
2025,87,Cameron Johnson,21057065.0
2026,87,Cameron Johnson,23062500.0
2027,87,Cameron Johnson,
2028,87,Cameron Johnson,
2025,88,Norman Powell,20482758.0
2026,88,Norman Powell,
2027,88,Norman Powell,
2028,88,Norman Powell,
2025,89,Jarrett Allen,20000000.0
2026,89,Jarrett Allen,28000000.0
2027,89,Jarrett Allen,30240000.0
2028,89,Jarrett Allen,32480000.0
2025,90,Jakob Poeltl,19500000.0
2026,90,Jakob Poeltl,19500000.0
2027,90,Jakob Poeltl,27300000.0
2028,90,Jakob Poeltl,29484000.0
2025,91,Josh Hart,19472240.0
2026,91,Josh Hart,20923760.0
2027,91,Josh Hart,22375280.0
2028,91,Josh Hart,
2025,92,Bradley Beal,19383010.0
2026,92,Bradley Beal,19383010.0
2027,92,Bradley Beal,19383010.0
2028,92,Bradley Beal,19383010.0
2025,93,Jusuf Nurkic,19375000.0
2026,93,Jusuf Nurkic,
2027,93,Jusuf Nurkic,
2028,93,Jusuf Nurkic,
2025,94,Harrison Barnes,19000000.0
2026,94,Harrison Barnes,
2027,94,Harrison Barnes,
2028,94,Harrison Barnes,
2025,95,Collin Sexton,18975000.0
2026,95,Collin Sexton,
2027,95,Collin Sexton,
2028,95,Collin Sexton,
2025,96,Malik Monk,18797619.0
2026,96,Malik Monk,20190035.0
2027,96,Malik Monk,21582451.0
2028,96,Malik Monk,
2025,97,Santiago Aldama,18485916.0
2026,97,Santiago Aldama,17007043.0
2027,97,Santiago Aldama,17007043.0
2028,97,Santiago Aldama,
2025,98,Rui Hachimura,18259259.0
2026,98,Rui Hachimura,
2027,98,Rui Hachimura,
2028,98,Rui Hachimura,
2025,99,Luguentz Dort,18222222.0
2026,99,Luguentz Dort,18222222.0
2027,99,Luguentz Dort,
2028,99,Luguentz Dort,
2025,100,Alex Caruso,18102100.0
2026,100,Alex Caruso,19550160.0
2027,100,Alex Caruso,20998320.0
2028,100,Alex Caruso,22446480.0
2025,T101,Andrew Nembhard,18102000.0
2026,T101,Andrew Nembhard,19550160.0
2027,T101,Andrew Nembhard,20998320.0
2028,T101,Andrew Nembhard,
2025,T101,Ivica Zubac,18102000.0
2026,T101,Ivica Zubac,19550160.0
2027,T101,Ivica Zubac,20998320.0
2028,T101,Ivica Zubac,
2025,103,Zach Collins,18080496.0
2026,103,Zach Collins,
2027,103,Zach Collins,
2028,103,Zach Collins,
2025,104,Patrick Williams,18000000.0
2026,104,Patrick Williams,18000000.0
2027,104,Patrick Williams,18000000.0
2028,104,Patrick Williams,18000000.0
2025,105,Kevin Huerter,17991071.0
2026,105,Kevin Huerter,
2027,105,Kevin Huerter,
2028,105,Kevin Huerter,
2025,106,Keldon Johnson,17500000.0
2026,106,Keldon Johnson,17500000.0
2027,106,Keldon Johnson,
2028,106,Keldon Johnson,
2025,107,Grayson Allen,16875000.0
2026,107,Grayson Allen,18125000.0
2027,107,Grayson Allen,19375000.0
2028,107,Grayson Allen,
2025,108,Duncan Robinson,16834692.0
2026,108,Duncan Robinson,15992957.0
2027,108,Duncan Robinson,15151222.0
2028,108,Duncan Robinson,
2025,109,Klay Thompson,16666667.0
2026,109,Klay Thompson,17460317.0
2027,109,Klay Thompson,
2028,109,Klay Thompson,
2025,110,B. Bogdanovic,16020000.0
2026,110,B. Bogdanovic,16020000.0
2027,110,B. Bogdanovic,
2028,110,B. Bogdanovic,
2025,111,Max Strus,15936452.0
2026,111,Max Strus,16660836.0
2027,111,Max Strus,
2028,111,Max Strus,
2025,112,Terance Mann,15500000.0
2026,112,Terance Mann,15500000.0
2027,112,Terance Mann,16000000.0
2028,112,Terance Mann,
2025,113,Paolo Banchero,15334769.0
2026,113,Paolo Banchero,41250000.0
2027,113,Paolo Banchero,44550000.0
2028,113,Paolo Banchero,47850000.0
2025,114,N. Alexander-Walker,15161800.0
2026,114,N. Alexander-Walker,14403710.0
2027,114,N. Alexander-Walker,15161800.0
2028,114,N. Alexander-Walker,15919890.0
2025,T115,Isaiah Stewart,15000000.0
2026,T115,Isaiah Stewart,15000000.0
2027,T115,Isaiah Stewart,15000000.0
2028,T115,Isaiah Stewart,
2025,T115,Onyeka Okongwu,15000000.0
2026,T115,Onyeka Okongwu,16120000.0
2027,T115,Onyeka Okongwu,16880000.0
2028,T115,Onyeka Okongwu,
2025,T115,Jonathan Isaac,15000000.0
2026,T115,Jonathan Isaac,14500000.0
2027,T115,Jonathan Isaac,14500000.0
2028,T115,Jonathan Isaac,15000000.0
2025,118,Marcus Smart,14786855.0
2026,118,Marcus Smart,
2027,118,Marcus Smart,
2028,118,Marcus Smart,
2025,119,Daniel Gafford,14386320.0
2026,119,Daniel Gafford,17263584.0
2027,119,Daniel Gafford,18126763.0
2028,119,Daniel Gafford,18989942.0
2025,120,Deni Avdija,14375000.0
2026,120,Deni Avdija,13125000.0
2027,120,Deni Avdija,11875000.0
2028,120,Deni Avdija,
2025,121,PJ Washington,14152174.0
2026,121,PJ Washington,
2027,121,PJ Washington,
2028,121,PJ Washington,
2025,122,Steven Adams,14130434.0
2026,122,Steven Adams,13000000.0
2027,122,Steven Adams,11869566.0
2028,122,Steven Adams,
2025,T123,Dennis Schroeder,14104000.0
2026,T123,Dennis Schroeder,14809200.0
2027,T123,Dennis Schroeder,15514400.0
2028,T123,Dennis Schroeder,
2025,T123,Caris LeVert,14104000.0
2026,T123,Caris LeVert,14809200.0
2027,T123,Caris LeVert,
2028,T123,Caris LeVert,
2025,126,Obi Toppin,14000000.0
2026,126,Obi Toppin,15000000.0
2027,126,Obi Toppin,16025000.0
2028,126,Obi Toppin,
2025,127,Corey Kispert,13975000.0
2026,127,Corey Kispert,13975000.0
2027,127,Corey Kispert,13050000.0
2028,127,Corey Kispert,13050000.0
2025,T128,Herb Jones,13937574.0
2026,T128,Herb Jones,14898786.0
2027,T128,Herb Jones,20858300.0
2028,T128,Herb Jones,22526964.0
2025,T128,Austin Reaves,13937574.0
2026,T128,Austin Reaves,14898786.0
2027,T128,Austin Reaves,
2028,T128,Austin Reaves,
2025,130,Cooper Flagg,13825920.0
2026,130,Cooper Flagg,14517480.0
2027,130,Cooper Flagg,15208680.0
2028,130,Cooper Flagg,19178146.0
2025,131,Chet Holmgren,13731368.0
2026,131,Chet Holmgren,41250000.0
2027,131,Chet Holmgren,44550000.0
2028,131,Chet Holmgren,47850000.0
2025,132,Josh Green,13666667.0
2026,132,Josh Green,14679012.0
2027,132,Josh Green,
2028,132,Josh Green,
2025,133,Grant Williams,13645500.0
2026,133,Grant Williams,14265750.0
2027,133,Grant Williams,
2028,133,Grant Williams,
2025,134,Bobby Portis,13445754.0
2026,134,Bobby Portis,14521414.0
2027,134,Bobby Portis,15597074.0
2028,134,Bobby Portis,
2025,135,Kelly Olynyk,13445122.0
2026,135,Kelly Olynyk,
2027,135,Kelly Olynyk,
2028,135,Kelly Olynyk,
2025,136,V. Wembanyama,13376695.0
2026,136,V. Wembanyama,16868013.0
2027,136,V. Wembanyama,23615218.0
2028,136,V. Wembanyama,
2025,137,Robert Williams,13285713.0
2026,137,Robert Williams,
2027,137,Robert Williams,
2028,137,Robert Williams,
2025,138,Z. Risacher,13197720.0
2026,138,Z. Risacher,13826040.0
2027,138,Z. Risacher,17434636.0
2028,138,Z. Risacher,24408490.0
2025,139,M. Robinson,12954546.0
2026,139,M. Robinson,
2027,139,M. Robinson,
2028,139,M. Robinson,
2025,140,Coby White,12888889.0
2026,140,Coby White,
2027,140,Coby White,
2028,140,Coby White,
2025,141,D. Finney-Smith,12700000.0
2026,141,D. Finney-Smith,13335000.0
2027,141,D. Finney-Smith,13335000.0
2028,141,D. Finney-Smith,13335000.0
2025,142,Brandon Clarke,12500000.0
2026,142,Brandon Clarke,12500000.0
2027,142,Brandon Clarke,
2028,142,Brandon Clarke,
2025,143,Dylan Harper,12370200.0
2026,143,Dylan Harper,12989040.0
2027,143,Dylan Harper,13607760.0
2028,143,Dylan Harper,17172994.0
2025,144,Isaiah Joe,12362338.0
2026,144,Isaiah Joe,11323006.0
2027,144,Isaiah Joe,11323006.0
2028,144,Isaiah Joe,
2025,145,Jabari Smith,12350392.0
2026,145,Jabari Smith,23643411.0
2027,145,Jabari Smith,21751940.0
2028,145,Jabari Smith,23643411.0
2025,146,Donte DiVincenzo,11990000.0
2026,146,Donte DiVincenzo,12535000.0
2027,146,Donte DiVincenzo,
2028,146,Donte DiVincenzo,
2025,147,Brandon Miller,11968400.0
2026,147,Brandon Miller,15104121.0
2027,147,Brandon Miller,21221290.0
2028,147,Brandon Miller,
2025,148,Alex Sarr,11808240.0
2026,148,Alex Sarr,12370680.0
2027,148,Alex Sarr,15611798.0
2028,148,Alex Sarr,21934576.0
2025,149,Davion Mitchell,11600000.0
2026,149,Davion Mitchell,12400000.0
2027,149,Davion Mitchell,
2028,149,Davion Mitchell,
2025,150,Moses Moody,11574075.0
2026,150,Moses Moody,12500000.0
2027,150,Moses Moody,13425925.0
2028,150,Moses Moody,
2025,151,J. Vanderbilt,11571429.0
2026,151,J. Vanderbilt,12428571.0
2027,151,J. Vanderbilt,13285714.0
2028,151,J. Vanderbilt,
2025,152,Matisse Thybulle,11550000.0
2026,152,Matisse Thybulle,
2027,152,Matisse Thybulle,
2028,152,Matisse Thybulle,
2025,153,Gabe Vincent,11500000.0
2026,153,Gabe Vincent,
2027,153,Gabe Vincent,
2028,153,Gabe Vincent,
2025,154,Keegan Murray,11144093.0
2026,154,Keegan Murray,14699059.0
2027,154,Keegan Murray,
2028,154,Keegan Murray,
2025,155,Josh Giddey,11142057.0
2026,155,Josh Giddey,
2027,155,Josh Giddey,
2028,155,Josh Giddey,
2025,156,VJ Edgecombe,11108880.0
2026,156,VJ Edgecombe,11663880.0
2027,156,VJ Edgecombe,12219720.0
2028,156,VJ Edgecombe,15445727.0
2025,T157,Isaac Okoro,11000000.0
2026,T157,Isaac Okoro,11814814.0
2027,T157,Isaac Okoro,
2028,T157,Isaac Okoro,
2025,T157,Luke Kennard,11000000.0
2026,T157,Luke Kennard,
2027,T157,Luke Kennard,
2028,T157,Luke Kennard,
2025,T157,Luke Kornet,11000000.0
2026,T157,Luke Kornet,10450000.0
2027,T157,Luke Kornet,9900000.0
2028,T157,Luke Kornet,9350000.0
2025,T157,Maxi Kleber,11000000.0
2026,T157,Maxi Kleber,
2027,T157,Maxi Kleber,
2028,T157,Maxi Kleber,
2025,T157,Aaron Nesmith,11000000.0
2026,T157,Aaron Nesmith,11000000.0
2027,T157,Aaron Nesmith,
2028,T157,Aaron Nesmith,
2025,162,Wendell Carter,10850000.0
2026,162,Wendell Carter,18102000.0
2027,162,Wendell Carter,19550160.0
2028,162,Wendell Carter,20998320.0
2025,163,Mike Conley,10774038.0
2026,163,Mike Conley,
2027,163,Mike Conley,
2028,163,Mike Conley,
2025,164,Scoot Henderson,10747994.0
2026,164,Scoot Henderson,13585465.0
2027,164,Scoot Henderson,19182676.0
2028,164,Scoot Henderson,
2025,165,Jordan Clarkson,10651561.0
2026,165,Jordan Clarkson,
2027,165,Jordan Clarkson,
2028,165,Jordan Clarkson,
2025,166,Reed Sheppard,10603560.0
2026,166,Reed Sheppard,11108880.0
2027,166,Reed Sheppard,14041624.0
2028,166,Reed Sheppard,19826773.0
2025,167,J. Valanciunas,10395000.0
2026,167,J. Valanciunas,10000000.0
2027,167,J. Valanciunas,
2028,167,J. Valanciunas,
2025,168,Jonathan Kuminga,10240287.0
2026,168,Jonathan Kuminga,
2027,168,Jonathan Kuminga,
2028,168,Jonathan Kuminga,
2025,169,TJ McConnell,10200000.0
2026,169,TJ McConnell,11000000.0
2027,169,TJ McConnell,11800000.0
2028,169,TJ McConnell,11800000.0
2025,170,Royce O'Neale,10125000.0
2026,170,Royce O'Neale,10875000.0
2027,170,Royce O'Neale,11625000.0
2028,170,Royce O'Neale,
2025,171,Jaden Ivey,10107163.0
2026,171,Jaden Ivey,13402098.0
2027,171,Jaden Ivey,
2028,171,Jaden Ivey,
2025,172,Aaron Wiggins,10102803.0
2026,172,Aaron Wiggins,9224300.0
2027,172,Aaron Wiggins,8345797.0
2028,172,Aaron Wiggins,8345797.0
2025,173,Sam Hauser,10044644.0
2026,173,Sam Hauser,10848215.0
2027,173,Sam Hauser,11651785.0
2028,173,Sam Hauser,12455356.0
2025,174,Kon Knueppel,10015680.0
2026,174,Kon Knueppel,10516560.0
2027,174,Kon Knueppel,11017560.0
2028,174,Kon Knueppel,13937214.0
2025,T175,Lonzo Ball,10000000.0
2026,T175,Lonzo Ball,10000000.0
2027,T175,Lonzo Ball,
2028,T175,Lonzo Ball,
2025,T175,Derrick Jones,10000000.0
2026,T175,Derrick Jones,10476190.0
2027,T175,Derrick Jones,
2028,T175,Derrick Jones,
2025,177,Amen Thompson,9690212.0
2026,177,Amen Thompson,12258119.0
2027,177,Amen Thompson,17394270.0
2028,177,Amen Thompson,
2025,178,Caleb Martin,9594044.0
2026,178,Caleb Martin,10001494.0
2027,178,Caleb Martin,9731351.0
2028,178,Caleb Martin,
2025,179,Stephon Castle,9560520.0
2026,179,Stephon Castle,10015920.0
2027,179,Stephon Castle,12670139.0
2028,179,Stephon Castle,17978927.0
2025,180,Pat Connaughton,9423869.0
2026,180,Pat Connaughton,
2027,180,Pat Connaughton,
2028,180,Pat Connaughton,
2025,T181,Kyle Anderson,9219512.0
2026,T181,Kyle Anderson,9658536.0
2027,T181,Kyle Anderson,
2028,T181,Kyle Anderson,
2025,T181,Buddy Hield,9219512.0
2026,T181,Buddy Hield,9658536.0
2027,T181,Buddy Hield,10097560.0
2028,T181,Buddy Hield,
2025,183,B. Mathurin,9187573.0
2026,183,B. Mathurin,12256222.0
2027,183,B. Mathurin,
2028,183,B. Mathurin,
2025,184,Ace Bailey,9069840.0
2026,184,Ace Bailey,9522960.0
2027,184,Ace Bailey,9976560.0
2028,184,Ace Bailey,12640302.0
2025,T185,Jalen Smith,9000000.0
2026,T185,Jalen Smith,9428571.0
2027,T185,Jalen Smith,
2028,T185,Jalen Smith,
2025,T185,Naji Marshall,9000000.0
2026,T185,Naji Marshall,9428571.0
2027,T185,Naji Marshall,
2028,T185,Naji Marshall,
2025,187,Ty Jerome,8781000.0
2026,187,Ty Jerome,9220050.0
2027,187,Ty Jerome,9659100.0
2028,187,Ty Jerome,
2025,188,Ausar Thompson,8775162.0
2026,188,Ausar Thompson,11118130.0
2027,188,Ausar Thompson,15854453.0
2028,188,Ausar Thompson,
2025,189,Brook Lopez,8750000.0
2026,189,Brook Lopez,9187500.0
2027,189,Brook Lopez,
2028,189,Brook Lopez,
2025,190,Ron Holland,8657280.0
2026,190,Ron Holland,9069600.0
2027,190,Ron Holland,11491183.0
2028,190,Ron Holland,16386426.0
2025,191,Sam Merrill,8482144.0
2026,191,Sam Merrill,9160715.0
2027,191,Sam Merrill,9839285.0
2028,191,Sam Merrill,10517856.0
2025,192,Jaylin Williams,8450704.0
2026,192,Jaylin Williams,7774648.0
2027,192,Jaylin Williams,7774648.0
2028,192,Jaylin Williams,
2025,193,Shaedon Sharpe,8399983.0
2026,193,Shaedon Sharpe,11264377.0
2027,193,Shaedon Sharpe,
2028,193,Shaedon Sharpe,
2025,194,Kelly Oubre,8382150.0
2026,194,Kelly Oubre,
2027,194,Kelly Oubre,
2028,194,Kelly Oubre,
2025,195,Goga Bitadze,8333333.0
2026,195,Goga Bitadze,7608696.0
2027,195,Goga Bitadze,
2028,195,Goga Bitadze,
2025,196,S. Fontecchio,8307692.0
2026,196,S. Fontecchio,
2027,196,S. Fontecchio,
2028,196,S. Fontecchio,
2025,197,Tre Johnson,8237640.0
2026,197,Tre Johnson,8649600.0
2027,197,Tre Johnson,9061680.0
2028,197,Tre Johnson,11490211.0
2025,198,Georges Niang,8200000.0
2026,198,Georges Niang,
2027,198,Georges Niang,
2028,198,Georges Niang,
2025,199,Zeke Nnaji,8177778.0
2026,199,Zeke Nnaji,7466667.0
2027,199,Zeke Nnaji,7466667.0
2028,199,Zeke Nnaji,
2025,201,KJ Martin,8025000.0
2026,201,KJ Martin,
2027,201,KJ Martin,
2028,201,KJ Martin,
2025,T202,Tre Mann,8000000.0
2026,T202,Tre Mann,8000000.0
2027,T202,Tre Mann,8000000.0
2028,T202,Tre Mann,
2025,T202,Kevon Looney,8000000.0
2026,T202,Kevon Looney,8000000.0
2027,T202,Kevon Looney,
2028,T202,Kevon Looney,
2025,T202,Tre Jones,8000000.0
2026,T202,Tre Jones,8000000.0
2027,T202,Tre Jones,8000000.0
2028,T202,Tre Jones,
2025,205,Anthony Black,7970028.0
2026,205,Anthony Black,10105996.0
2027,205,Anthony Black,14491998.0
2028,205,Anthony Black,
2025,206,Tidjane Salaun,7863240.0
2026,206,Tidjane Salaun,8237880.0
2027,206,Tidjane Salaun,10445632.0
2028,206,Tidjane Salaun,14979036.0
2025,207,Max Christie,7714286.0
2026,207,Max Christie,8285714.0
2027,207,Max Christie,8857143.0
2028,207,Max Christie,
2025,208,Dyson Daniels,7707709.0
2026,208,Dyson Daniels,10389992.0
2027,208,Dyson Daniels,
2028,208,Dyson Daniels,
2025,209,Isaiah Jackson,7600000.0
2026,209,Isaiah Jackson,7000000.0
2027,209,Isaiah Jackson,6400000.0
2028,209,Isaiah Jackson,
2025,210,Jeremiah Fears,7520040.0
2026,210,Jeremiah Fears,7896240.0
2027,210,Jeremiah Fears,8271960.0
2028,210,Jeremiah Fears,10505389.0
2025,211,Ayo Dosunmu,7518518.0
2026,211,Ayo Dosunmu,
2027,211,Ayo Dosunmu,
2028,211,Ayo Dosunmu,
2025,212,Bilal Coulibaly,7275682.0
2026,212,Bilal Coulibaly,9240116.0
2027,212,Bilal Coulibaly,13315007.0
2028,212,Bilal Coulibaly,
2025,213,Payton Pritchard,7232143.0
2026,213,Payton Pritchard,7767857.0
2027,213,Payton Pritchard,8303571.0
2028,213,Payton Pritchard,
2025,214,Donovan Clingan,7178400.0
2026,214,Donovan Clingan,7519920.0
2027,214,Donovan Clingan,9550298.0
2028,214,Donovan Clingan,13761979.0
2025,215,Kenrich Williams,7163000.0
2026,215,Kenrich Williams,7163000.0
2027,215,Kenrich Williams,
2028,215,Kenrich Williams,
2025,216,Jeremy Sochan,7096231.0
2026,216,Jeremy Sochan,9615393.0
2027,216,Jeremy Sochan,
2028,216,Jeremy Sochan,
2025,217,Tyus Jones,7000000.0
2026,217,Tyus Jones,
2027,217,Tyus Jones,
2028,217,Tyus Jones,
2025,218,Egor Demin,6889200.0
2026,218,Egor Demin,7233720.0
2027,218,Egor Demin,7578240.0
2028,218,Egor Demin,9639522.0
2025,219,Jevon Carter,6809524.0
2026,219,Jevon Carter,
2027,219,Jevon Carter,
2028,219,Jevon Carter,
2025,220,Clint Capela,6700000.0
2026,220,Clint Capela,7035000.0
2027,220,Clint Capela,7370000.0
2028,220,Clint Capela,
2025,221,Ousmane Dieng,6670882.0
2026,221,Ousmane Dieng,9132438.0
2027,221,Ousmane Dieng,
2028,221,Ousmane Dieng,
2025,222,Jarace Walker,6665406.0
2026,222,Jarace Walker,8478396.0
2027,222,Jarace Walker,12276717.0
2028,222,Jarace Walker,
2025,223,Dean Wade,6623456.0
2026,223,Dean Wade,
2027,223,Dean Wade,
2028,223,Dean Wade,
2025,224,Jalen Williams,6580997.0
2026,224,Jalen Williams,41250000.0
2027,224,Jalen Williams,44550000.0
2028,224,Jalen Williams,47850000.0
2025,225,Rob Dillingham,6576120.0
2026,225,Rob Dillingham,6889320.0
2027,225,Rob Dillingham,8763215.0
2028,225,Rob Dillingham,12689135.0
2025,226,Jalen Duren,6483144.0
2026,226,Jalen Duren,8966189.0
2027,226,Jalen Duren,
2028,226,Jalen Duren,
2025,227,Ochai Agbaji,6383525.0
2026,227,Ochai Agbaji,8879483.0
2027,227,Ochai Agbaji,
2028,227,Ochai Agbaji,
2025,228,C. Murray-Boyles,6332520.0
2026,228,C. Murray-Boyles,6649560.0
2027,228,C. Murray-Boyles,6966000.0
2028,228,C. Murray-Boyles,8874684.0
2025,229,Quentin Grimes,6311825.0
2026,229,Quentin Grimes,
2027,229,Quentin Grimes,
2028,229,Quentin Grimes,
2025,230,Mark Williams,6276531.0
2026,230,Mark Williams,8774591.0
2027,230,Mark Williams,
2028,230,Mark Williams,
2025,231,John Konchar,6165000.0
2026,231,John Konchar,6165000.0
2027,231,John Konchar,
2028,231,John Konchar,
2025,232,Taylor Hendricks,6127080.0
2026,232,Taylor Hendricks,7805900.0
2027,232,Taylor Hendricks,11357175.0
2028,232,Taylor Hendricks,
2025,233,Saddiq Bey,6118644.0
2026,233,Saddiq Bey,6440678.0
2027,233,Saddiq Bey,
2028,233,Saddiq Bey,
2025,234,Zach Edey,6045000.0
2026,234,Zach Edey,6332760.0
2027,234,Zach Edey,8067936.0
2028,234,Zach Edey,11738846.0
2025,235,Khaman Maluach,6016080.0
2026,235,Khaman Maluach,6316680.0
2027,235,Khaman Maluach,6617160.0
2028,235,Khaman Maluach,8436880.0
2025,T236,Day'Ron Sharpe,6000000.0
2026,T236,Day'Ron Sharpe,6000000.0
2027,T236,Day'Ron Sharpe,
2028,T236,Day'Ron Sharpe,
2025,T236,Ziaire Williams,6000000.0
2026,T236,Ziaire Williams,6000000.0
2027,T236,Ziaire Williams,
2028,T236,Ziaire Williams,
2025,T236,Jake LaRavia,6000000.0
2026,T236,Jake LaRavia,6000000.0
2027,T236,Jake LaRavia,
2028,T236,Jake LaRavia,
2025,T236,Jaden Hardy,6000000.0
2026,T236,Jaden Hardy,6000000.0
2027,T236,Jaden Hardy,6000000.0
2028,T236,Jaden Hardy,
2025,240,Cam Thomas,5993172.0
2026,240,Cam Thomas,
2027,240,Cam Thomas,
2028,240,Cam Thomas,
2025,241,Cason Wallace,5820487.0
2026,241,Cason Wallace,7421121.0
2027,241,Cason Wallace,10849678.0
2028,241,Cason Wallace,
2025,242,Cody Williams,5742480.0
2026,242,Cody Williams,6015600.0
2027,242,Cody Williams,7669890.0
2028,242,Cody Williams,11213379.0
2025,243,Cedric Coward,5715120.0
2026,243,Cedric Coward,6001080.0
2027,243,Cedric Coward,6286920.0
2028,243,Cedric Coward,8342743.0
2025,244,D'Angelo Russell,5685000.0
2026,244,D'Angelo Russell,5969250.0
2027,244,D'Angelo Russell,
2028,244,D'Angelo Russell,
2025,245,Tari Eason,5675766.0
2026,245,Tari Eason,8014181.0
2027,245,Tari Eason,
2028,245,Tari Eason,
2025,246,H. Highsmith,5616000.0
2026,246,H. Highsmith,
2027,246,H. Highsmith,
2028,246,H. Highsmith,
2025,247,Nicolas Batum,5601600.0
2026,247,Nicolas Batum,5881680.0
2027,247,Nicolas Batum,
2028,247,Nicolas Batum,
2025,248,Jett Howard,5529506.0
2026,248,Jett Howard,7337655.0
2027,248,Jett Howard,10779015.0
2028,248,Jett Howard,
2025,249,G. Yabusele,5500000.0
2026,249,G. Yabusele,5775000.0
2027,249,G. Yabusele,
2028,249,G. Yabusele,
2025,250,Matas Buzelis,5455560.0
2026,250,Matas Buzelis,5715360.0
2027,250,Matas Buzelis,7584283.0
2028,250,Matas Buzelis,11141311.0
2025,251,Noa Essengue,5429520.0
2026,251,Noa Essengue,5701200.0
2027,251,Noa Essengue,5972760.0
2028,251,Noa Essengue,8230464.0
2025,T252,Dario Saric,5426400.0
2026,T252,Dario Saric,
2027,T252,Dario Saric,
2028,T252,Dario Saric,
2025,T252,Kris Dunn,5426400.0
2026,T252,Kris Dunn,5684800.0
2027,T252,Kris Dunn,
2028,T252,Kris Dunn,
2025,254,Dalen Terry,5399118.0
2026,254,Dalen Terry,7661349.0
2027,254,Dalen Terry,
2028,254,Dalen Terry,
2025,256,Paul Reed,5335894.0
2026,256,Paul Reed,5602689.0
2027,256,Paul Reed,
2028,256,Paul Reed,
2025,257,Dereck Lively,5253191.0
2026,257,Dereck Lively,7238897.0
2027,257,Dereck Lively,10684611.0
2028,257,Dereck Lively,
2025,258,Nikola Topic,5182920.0
2026,258,Nikola Topic,5429760.0
2027,258,Nikola Topic,7482209.0
2028,258,Nikola Topic,11043740.0
2025,259,Derik Queen,5157960.0
2026,259,Derik Queen,5416080.0
2027,259,Derik Queen,5673840.0
2028,259,Derik Queen,8107918.0
2025,T260,Kevin Porter,5134000.0
2026,T260,Kevin Porter,5390700.0
2027,T260,Kevin Porter,
2028,T260,Kevin Porter,
2025,T262,Moritz Wagner,5000000.0
2026,T262,Moritz Wagner,
2027,T262,Moritz Wagner,
2028,T262,Moritz Wagner,
2025,T262,Nick Richards,5000000.0
2026,T262,Nick Richards,
2027,T262,Nick Richards,
2028,T262,Nick Richards,
2025,T262,Andre Drummond,5000000.0
2026,T262,Andre Drummond,
2027,T262,Andre Drummond,
2028,T262,Andre Drummond,
2025,265,Gradey Dick,4990379.0
2026,265,Gradey Dick,7131251.0
2027,265,Gradey Dick,10575645.0
2028,265,Gradey Dick,
2025,266,Malaki Branham,4962033.0
2026,266,Malaki Branham,7110593.0
2027,266,Malaki Branham,
2028,266,Malaki Branham,
2025,267,Devin Carter,4923720.0
2026,267,Devin Carter,5158080.0
2027,267,Devin Carter,7370896.0
2028,267,Devin Carter,10931038.0
2025,268,Christian Braun,4921797.0
2026,268,Christian Braun,7092309.0
2027,268,Christian Braun,
2028,268,Christian Braun,
2025,269,Carter Bryant,4900320.0
2026,269,Carter Bryant,5145360.0
2027,269,Carter Bryant,5390640.0
2028,269,Carter Bryant,7983539.0
2025,270,Walker Kessler,4878938.0
2026,270,Walker Kessler,7064703.0
2027,270,Walker Kessler,
2028,270,Walker Kessler,
2025,271,Jordan Hawkins,4741216.0
2026,271,Jordan Hawkins,7021740.0
2027,271,Jordan Hawkins,10469414.0
2028,271,Jordan Hawkins,
2025,272,C. Carrington,4677600.0
2026,272,C. Carrington,4900560.0
2027,272,C. Carrington,7257729.0
2028,272,C. Carrington,10821273.0
2025,273,Thomas Sorber,4655040.0
2026,273,Thomas Sorber,4887720.0
2027,273,Thomas Sorber,5120400.0
2028,273,Thomas Sorber,7849573.0
2025,274,Kobe Bufkin,4503668.0
2026,274,Kobe Bufkin,6904124.0
2027,274,Kobe Bufkin,10342377.0
2028,274,Kobe Bufkin,
2025,275,Jose Alvarado,4500000.0
2026,275,Jose Alvarado,4500000.0
2027,275,Jose Alvarado,
2028,275,Jose Alvarado,
2025,276,Nikola Jovic,4445417.0
2026,276,Nikola Jovic,6592553.0
2027,276,Nikola Jovic,
2028,276,Nikola Jovic,
2025,277,Kel'el Ware,4443360.0
2026,277,Kel'el Ware,4654920.0
2027,277,Kel'el Ware,7135992.0
2028,277,Kel'el Ware,10689716.0
2025,278,Hansen Yang,4422360.0
2026,278,Hansen Yang,4643520.0
2027,278,Hansen Yang,4864920.0
2028,278,Hansen Yang,7462788.0
2025,279,Peyton Watson,4356476.0
2026,279,Peyton Watson,6534714.0
2027,279,Peyton Watson,
2028,279,Peyton Watson,
2025,280,Miles McBride,4333333.0
2026,280,Miles McBride,3956523.0
2027,280,Miles McBride,
2028,280,Miles McBride,
2025,281,Keyonte George,4278754.0
2026,281,Keyonte George,6563608.0
2027,281,Keyonte George,9878230.0
2028,281,Keyonte George,
2025,282,Jared McCain,4221360.0
2026,282,Jared McCain,4422600.0
2027,282,Jared McCain,6784268.0
2028,282,Jared McCain,10210323.0
2025,283,Joan Beringer,4201080.0
2026,283,Joan Beringer,4411200.0
2027,283,Joan Beringer,4621200.0
2028,283,Joan Beringer,7098163.0
2025,284,Kevin Love,4150000.0
2026,284,Kevin Love,
2027,284,Kevin Love,
2028,284,Kevin Love,
2025,285,Dalton Knecht,4010160.0
2026,285,Dalton Knecht,4201080.0
2027,285,Dalton Knecht,6452859.0
2028,285,Dalton Knecht,9756722.0
2025,T286,Ryan Rollins,4000000.0
2026,T286,Ryan Rollins,4000000.0
2027,T286,Ryan Rollins,4000000.0
2028,T286,Ryan Rollins,
2025,T286,Dwight Powell,4000000.0
2026,T286,Dwight Powell,
2027,T286,Dwight Powell,
2028,T286,Dwight Powell,
2025,288,W. Clayton,3991320.0
2026,288,W. Clayton,4190520.0
2027,288,W. Clayton,4390320.0
2028,288,W. Clayton,6752312.0
2025,289,Jaime Jaquez,3861600.0
2026,289,Jaime Jaquez,5939141.0
2027,289,Jaime Jaquez,9021541.0
2028,289,Jaime Jaquez,
2025,290,Nolan Traore,3811560.0
2026,290,Nolan Traore,4002000.0
2027,290,Nolan Traore,4193040.0
2028,290,Nolan Traore,6457282.0
2025,291,Tristan da Silva,3809520.0
2026,291,Tristan da Silva,3991200.0
2027,291,Tristan da Silva,6138466.0
2028,291,Tristan da Silva,9324329.0
2025,292,Cole Anthony,3700000.0
2026,292,Cole Anthony,3700000.0
2027,292,Cole Anthony,3700000.0
2028,292,Cole Anthony,
2025,T293,Taurean Prince,3697105.0
2026,T293,Taurean Prince,3881960.0
2027,T293,Taurean Prince,
2028,T293,Taurean Prince,
2025,T293,Gary Trent Jr,3697105.0
2026,T293,Gary Trent Jr,3881960.0
2027,T293,Gary Trent Jr,
2028,T293,Gary Trent Jr,
2025,295,B. Podziemski,3687960.0
2026,295,B. Podziemski,5679458.0
2027,295,B. Podziemski,8666111.0
2028,295,B. Podziemski,
2025,296,S. Mykhailiuk,3675000.0
2026,296,S. Mykhailiuk,3850000.0
2027,296,S. Mykhailiuk,4025000.0
2028,296,S. Mykhailiuk,
2025,297,K. Jakucionis,3658800.0
2026,297,K. Jakucionis,3841680.0
2027,297,K. Jakucionis,4024440.0
2028,297,K. Jakucionis,6205687.0
2025,298,Ja'Kobe Walter,3638160.0
2026,298,Ja'Kobe Walter,3811800.0
2027,298,Ja'Kobe Walter,5870172.0
2028,298,Ja'Kobe Walter,8957882.0
2025,T299,Doug McDermott,3634153.0
2026,T299,Doug McDermott,
2027,T299,Doug McDermott,
2028,T299,Doug McDermott,
2025,T299,Chris Paul,3634153.0
2026,T299,Chris Paul,
2027,T299,Chris Paul,
2028,T299,Chris Paul,
2025,T299,Kyle Lowry,3634153.0
2026,T299,Kyle Lowry,
2027,T299,Kyle Lowry,
2028,T299,Kyle Lowry,
2025,T299,S. Dinwiddie,3634153.0
2026,T299,S. Dinwiddie,
2027,T299,S. Dinwiddie,
2028,T299,S. Dinwiddie,
2025,T299,Tim Hardaway Jr,3634153.0
2026,T299,Tim Hardaway Jr,
2027,T299,Tim Hardaway Jr,
2028,T299,Tim Hardaway Jr,
2025,T299,Gary Harris,3634153.0
2026,T299,Gary Harris,3815861.0
2027,T299,Gary Harris,
2028,T299,Gary Harris,
2025,T299,Larry Nance Jr,3634153.0
2026,T299,Larry Nance Jr,
2027,T299,Larry Nance Jr,
2028,T299,Larry Nance Jr,
2025,T299,Eric Gordon,3634153.0
2026,T299,Eric Gordon,
2027,T299,Eric Gordon,
2028,T299,Eric Gordon,
2025,T299,Garrett Temple,3634153.0
2026,T299,Garrett Temple,
2027,T299,Garrett Temple,
2028,T299,Garrett Temple,
2025,T299,Mason Plumlee,3634153.0
2026,T299,Mason Plumlee,
2027,T299,Mason Plumlee,
2028,T299,Mason Plumlee,
2025,T299,Joe Ingles,3634153.0
2026,T299,Joe Ingles,
2027,T299,Joe Ingles,
2028,T299,Joe Ingles,
2025,T299,Jeff Green,3634153.0
2026,T299,Jeff Green,
2027,T299,Jeff Green,
2028,T299,Jeff Green,
2025,312,Cameron Whitmore,3539976.0
2026,312,Cameron Whitmore,5458643.0
2027,312,Cameron Whitmore,8368099.0
2028,312,Cameron Whitmore,
2025,313,Will Riley,3512520.0
2026,313,Will Riley,3688320.0
2027,313,Will Riley,3864000.0
2028,313,Will Riley,6155352.0
2025,314,Jaylon Tyson,3492480.0
2026,314,Jaylon Tyson,3658560.0
2027,314,Jaylon Tyson,5641500.0
2028,314,Jaylon Tyson,8648419.0
2025,315,Jaxson Hayes,3449323.0
2026,315,Jaxson Hayes,
2027,315,Jaxson Hayes,
2028,315,Jaxson Hayes,
2025,316,Noah Clowney,3398406.0
2026,316,Noah Clowney,5413661.0
2027,316,Noah Clowney,8342451.0
2028,316,Noah Clowney,
2025,317,Drake Powell,3372240.0
2026,317,Drake Powell,3540600.0
2027,317,Drake Powell,3709320.0
2028,317,Drake Powell,6101832.0
2025,318,Yves Missi,3353040.0
2026,318,Yves Missi,3512760.0
2027,318,Yves Missi,5595827.0
2028,318,Yves Missi,8623169.0
2025,319,Blake Wesley,3347458.0
2026,319,Blake Wesley,
2027,319,Blake Wesley,
2028,319,Blake Wesley,
2025,320,Dante Exum,3303774.0
2026,320,Dante Exum,
2027,320,Dante Exum,
2028,320,Dante Exum,
2025,321,Dariq Whitehead,3262644.0
2026,321,Dariq Whitehead,5367049.0
2027,321,Dariq Whitehead,8308191.0
2028,321,Dariq Whitehead,
2025,322,Asa Newell,3237480.0
2026,322,Asa Newell,3399480.0
2027,322,Asa Newell,3560880.0
2028,322,Asa Newell,6042814.0
2025,323,DaRon Holmes,3218760.0
2026,323,DaRon Holmes,3372120.0
2027,323,DaRon Holmes,5547137.0
2028,323,DaRon Holmes,8586968.0
2025,324,Kris Murray,3132000.0
2026,324,Kris Murray,5315004.0
2027,324,Kris Murray,8265502.0
2028,324,Kris Murray,
2025,325,Nique Clifford,3108120.0
2026,325,Nique Clifford,3263400.0
2027,325,Nique Clifford,3418800.0
2028,325,Nique Clifford,5979481.0
2025,326,Nassir Little,3107143.0
2026,326,Nassir Little,3107143.0
2027,326,Nassir Little,3107143.0
2028,326,Nassir Little,3107143.0
2025,327,AJ Johnson,3090480.0
2026,327,AJ Johnson,3237120.0
2027,327,AJ Johnson,5493393.0
2028,327,AJ Johnson,8542226.0
2025,T328,Josh Okogie,3080921.0
2026,T328,Josh Okogie,
2027,T328,Josh Okogie,
2028,T328,Josh Okogie,
2025,T328,Marvin Bagley,3080921.0
2026,T328,Marvin Bagley,
2027,T328,Marvin Bagley,
2028,T328,Marvin Bagley,
2025,T328,Drew Eubanks,3080921.0
2026,T328,Drew Eubanks,
2027,T328,Drew Eubanks,
2028,T328,Drew Eubanks,
2025,T328,Bruce Brown,3080921.0
2026,T328,Bruce Brown,
2027,T328,Bruce Brown,
2028,T328,Bruce Brown,
2025,T328,Aaron Holiday,3080921.0
2026,T328,Aaron Holiday,
2027,T328,Aaron Holiday,
2028,T328,Aaron Holiday,
2025,333,O. Prosper,3007092.0
2026,333,O. Prosper,5259404.0
2027,333,O. Prosper,8215189.0
2028,333,O. Prosper,
2025,T334,Ajay Mitchell,3000000.0
2026,T334,Ajay Mitchell,2850000.0
2027,T334,Ajay Mitchell,2850000.0
2028,T334,Ajay Mitchell,
2025,T334,Kyle Filipowski,3000000.0
2026,T334,Kyle Filipowski,3000000.0
2027,T334,Kyle Filipowski,3000000.0
2028,T334,Kyle Filipowski,
2025,T334,J. Champagnie,3000000.0
2026,T334,J. Champagnie,3000000.0
2027,T334,J. Champagnie,
2028,T334,J. Champagnie,
2025,337,Jase Richardson,2983320.0
2026,337,Jase Richardson,3132360.0
2027,337,Jase Richardson,3282000.0
2028,337,Jase Richardson,5910882.0
2025,338,Kyshawn George,2966760.0
2026,338,Kyshawn George,3108000.0
2027,338,Kyshawn George,5435892.0
2028,338,Kyshawn George,8490863.0
2025,339,Tony Bradley,2940876.0
2026,339,Tony Bradley,
2027,339,Tony Bradley,
2028,339,Tony Bradley,
2025,340,Marcus Sasser,2886431.0
2026,340,Marcus Sasser,5198462.0
2027,340,Marcus Sasser,8156386.0
2028,340,Marcus Sasser,
2025,341,Ben Saraf,2884560.0
2026,341,Ben Saraf,3028560.0
2027,341,Ben Saraf,3172920.0
2028,341,Ben Saraf,5720776.0
2025,342,J. McLaughlin,2874436.0
2026,342,J. McLaughlin,
2027,342,J. McLaughlin,
2028,342,J. McLaughlin,
2025,343,Pacome Dadiet,2847600.0
2026,343,Pacome Dadiet,2983680.0
2027,343,Pacome Dadiet,5373608.0
2028,343,Pacome Dadiet,5620793.0
2025,344,Danny Wolf,2801280.0
2026,344,Danny Wolf,2941440.0
2027,344,Danny Wolf,3081840.0
2028,344,Danny Wolf,5559640.0
2025,345,Ben Sheppard,2790720.0
2026,345,Ben Sheppard,5031668.0
2027,345,Ben Sheppard,7930389.0
2028,345,Ben Sheppard,
2025,346,Hugo Gonzalez,2783880.0
2026,346,Hugo Gonzalez,2923560.0
2027,346,Hugo Gonzalez,3062640.0
2028,346,Hugo Gonzalez,5528065.0
2025,347,Liam McNeeley,2763960.0
2026,347,Liam McNeeley,2902080.0
2027,347,Liam McNeeley,3040320.0
2028,347,Liam McNeeley,5487778.0
2025,348,Dillon Jones,2753280.0
2026,348,Dillon Jones,2884440.0
2027,348,Dillon Jones,5200645.0
2028,348,Dillon Jones,8196216.0
2025,349,Y. Niederhauser,2743800.0
2026,349,Y. Niederhauser,2880960.0
2027,349,Y. Niederhauser,3018480.0
2028,349,Y. Niederhauser,5448356.0
2025,350,DaQuan Jeffries,2743776.0
2026,350,DaQuan Jeffries,3080918.0
2027,350,DaQuan Jeffries,
2028,350,DaQuan Jeffries,
2025,351,Nick Smith,2710303.0
2026,351,Nick Smith,4889387.0
2027,351,Nick Smith,7739899.0
2028,351,Nick Smith,
2025,352,Brice Sensabaugh,2693460.0
2026,352,Brice Sensabaugh,4861695.0
2027,352,Brice Sensabaugh,7730095.0
2028,352,Brice Sensabaugh,
2025,353,Julian Strawther,2674148.0
2026,353,Julian Strawther,4826838.0
2027,353,Julian Strawther,7722940.0
2028,353,Julian Strawther,
2025,354,T. Shannon,2674080.0
2026,354,T. Shannon,2801640.0
2027,354,T. Shannon,5054159.0
2028,354,T. Shannon,8000733.0
2025,T355,James Wiseman,2667947.0
2026,T355,James Wiseman,3018158.0
2027,T355,James Wiseman,
2028,T355,James Wiseman,
2025,T355,Jae'Sean Tate,2667947.0
2026,T355,Jae'Sean Tate,
2027,T355,Jae'Sean Tate,
2028,T355,Jae'Sean Tate,
2025,358,Ryan Dunn,2657760.0
2026,358,Ryan Dunn,2784240.0
2027,358,Ryan Dunn,5025553.0
2028,358,Ryan Dunn,7990629.0
2025,359,Kobe Brown,2654692.0
2026,359,Kobe Brown,4791718.0
2027,359,Kobe Brown,7666748.0
2028,359,Kobe Brown,
2025,360,Isaiah Collier,2638200.0
2026,360,Isaiah Collier,2763960.0
2027,360,Isaiah Collier,4988948.0
2028,360,Isaiah Collier,7982316.0
2025,361,B. Scheierman,2619000.0
2026,361,B. Scheierman,2744040.0
2027,361,B. Scheierman,4952992.0
2028,361,B. Scheierman,7924787.0
2025,T362,Terence Davis,2546675.0
2026,T362,Terence Davis,
2027,T362,Terence Davis,
2028,T362,Terence Davis,
2025,T362,Xavier Tillman,2546675.0
2026,T362,Xavier Tillman,
2027,T362,Xavier Tillman,
2028,T362,Xavier Tillman,
2025,364,Cam Spencer,2537989.0
2026,364,Cam Spencer,2411090.0
2027,364,Cam Spencer,2616754.0
2028,364,Cam Spencer,2830685.0
2025,T365,Jared Butler,2461463.0
2026,T365,Jared Butler,
2027,T365,Jared Butler,
2028,T365,Jared Butler,
2025,T365,Lindy Waters III,2461463.0
2026,T365,Lindy Waters III,
2027,T365,Lindy Waters III,
2028,T365,Lindy Waters III,
2025,T365,Jock Landale,2461463.0
2026,T365,Jock Landale,
2027,T365,Jock Landale,
2028,T365,Jock Landale,
2025,T365,S. Mamukelashvili,2461463.0
2026,T365,S. Mamukelashvili,2801346.0
2027,T365,S. Mamukelashvili,
2028,T365,S. Mamukelashvili,
2025,T365,Jericho Sims,2461463.0
2026,T365,Jericho Sims,2801346.0
2027,T365,Jericho Sims,
2028,T365,Jericho Sims,
2025,T365,Trendon Watford,2461463.0
2026,T365,Trendon Watford,2801346.0
2027,T365,Trendon Watford,
2028,T365,Trendon Watford,
2025,T365,Luka Garza,2461463.0
2026,T365,Luka Garza,2801346.0
2027,T365,Luka Garza,
2028,T365,Luka Garza,
2025,T372,TyTy Washington,2378870.0
2026,T372,TyTy Washington,
2027,T372,TyTy Washington,
2028,T372,TyTy Washington,
2025,T372,Caleb Houstan,2378870.0
2026,T372,Caleb Houstan,
2027,T372,Caleb Houstan,
2028,T372,Caleb Houstan,
2025,T372,David Roddy,2378870.0
2026,T372,David Roddy,
2027,T372,David Roddy,
2028,T372,David Roddy,
2025,T372,Josh Minott,2378870.0
2026,T372,Josh Minott,2584539.0
2027,T372,Josh Minott,
2028,T372,Josh Minott,
2025,T372,Collin Gillespie,2378870.0
2026,T372,Collin Gillespie,
2027,T372,Collin Gillespie,
2028,T372,Collin Gillespie,
2025,T378,Jordan Goodwin,2349578.0
2026,T378,Jordan Goodwin,
2027,T378,Jordan Goodwin,
2028,T378,Jordan Goodwin,
2025,T378,Jay Huff,2349578.0
2026,T378,Jay Huff,2667944.0
2027,T378,Jay Huff,3005085.0
2028,T378,Jay Huff,
2025,T378,Keon Johnson,2349578.0
2026,T378,Keon Johnson,
2027,T378,Keon Johnson,
2028,T378,Keon Johnson,
2025,T378,Vit Krejci,2349578.0
2026,T378,Vit Krejci,2667944.0
2027,T378,Vit Krejci,3005085.0
2028,T378,Vit Krejci,
2025,T378,Neemias Queta,2349578.0
2026,T378,Neemias Queta,2667944.0
2027,T378,Neemias Queta,
2028,T378,Neemias Queta,
2025,T384,AJ Green,2301587.0
2026,T384,AJ Green,
2027,T384,AJ Green,
2028,T384,AJ Green,
2025,T384,V. Williams,2301587.0
2026,T384,V. Williams,2489752.0
2027,T384,V. Williams,
2028,T384,V. Williams,
2025,T384,Keon Ellis,2301587.0
2026,T384,Keon Ellis,
2027,T384,Keon Ellis,
2028,T384,Keon Ellis,
2025,T387,Chris Livingston,2296274.0
2026,T387,Chris Livingston,
2027,T387,Chris Livingston,
2028,T387,Chris Livingston,
2025,T387,Sion James,2296274.0
2026,T387,Sion James,2411090.0
2027,T387,Sion James,2525901.0
2028,T387,Sion James,2735698.0
2025,T387,Ryan Kalkbrenner,2296274.0
2026,T387,Ryan Kalkbrenner,2411090.0
2027,T387,Ryan Kalkbrenner,2525901.0
2028,T387,Ryan Kalkbrenner,2735698.0
2025,T390,AJ Lawson,2270735.0
2026,T390,AJ Lawson,
2027,T390,AJ Lawson,
2028,T390,AJ Lawson,
2025,T390,Moussa Diabate,2270735.0
2026,T390,Moussa Diabate,2461462.0
2027,T390,Moussa Diabate,
2028,T390,Moussa Diabate,
2025,T390,Brandon Williams,2270735.0
2026,T390,Brandon Williams,
2027,T390,Brandon Williams,
2028,T390,Brandon Williams,
2025,T390,Scotty Pippen Jr,2270735.0
2026,T390,Scotty Pippen Jr,2461462.0
2027,T390,Scotty Pippen Jr,2789215.0
2028,T390,Scotty Pippen Jr,
2025,T394,Gui Santos,2221677.0
2026,T394,Gui Santos,
2027,T394,Gui Santos,
2028,T394,Gui Santos,
2025,T394,Duop Reath,2221677.0
2026,T394,Duop Reath,
2027,T394,Duop Reath,
2028,T394,Duop Reath,
2025,T394,Toumani Camara,2221677.0
2026,T394,Toumani Camara,2406205.0
2027,T394,Toumani Camara,
2028,T394,Toumani Camara,
2025,T394,GG Jackson,2221677.0
2026,T394,GG Jackson,2406205.0
2027,T394,GG Jackson,
2028,T394,GG Jackson,
2025,T394,Julian Phillips,2221677.0
2026,T394,Julian Phillips,2406205.0
2027,T394,Julian Phillips,
2028,T394,Julian Phillips,
2025,T394,Leonard Miller,2221677.0
2026,T394,Leonard Miller,2406205.0
2027,T394,Leonard Miller,
2028,T394,Leonard Miller,
2025,T394,Jalen Pickett,2221677.0
2026,T394,Jalen Pickett,2406205.0
2027,T394,Jalen Pickett,
2028,T394,Jalen Pickett,
2025,T394,Hunter Tyson,2221677.0
2026,T394,Hunter Tyson,2406205.0
2027,T394,Hunter Tyson,
2028,T394,Hunter Tyson,
2025,T394,Jordan Walsh,2221677.0
2026,T394,Jordan Walsh,2406205.0
2027,T394,Jordan Walsh,
2028,T394,Jordan Walsh,
2025,T394,Andre Jackson Jr,2221677.0
2026,T394,Andre Jackson Jr,2406205.0
2027,T394,Andre Jackson Jr,
2028,T394,Andre Jackson Jr,
2025,T394,T. Jackson-Davis,2221677.0
2026,T394,T. Jackson-Davis,2406205.0
2027,T394,T. Jackson-Davis,
2028,T394,T. Jackson-Davis,
2025,T394,Craig Porter,2221677.0
2026,T394,Craig Porter,2406205.0
2027,T394,Craig Porter,
2028,T394,Craig Porter,
2025,T394,Rayan Rupert,2221677.0
2026,T394,Rayan Rupert,
2027,T394,Rayan Rupert,
2028,T394,Rayan Rupert,
2025,T394,Jalen Wilson,2221677.0
2026,T394,Jalen Wilson,
2027,T394,Jalen Wilson,
2028,T394,Jalen Wilson,
2025,T394,Mouhamed Gueye,2221677.0
2026,T394,Mouhamed Gueye,2406205.0
2027,T394,Mouhamed Gueye,
2028,T394,Mouhamed Gueye,
2025,409,JaVale McGee,2208856.0
2026,409,JaVale McGee,2208856.0
2027,409,JaVale McGee,2208856.0
2028,409,JaVale McGee,
2025,T410,Colin Castleton,2191897.0
2026,T410,Colin Castleton,
2027,T410,Colin Castleton,
2028,T410,Colin Castleton,
2025,T410,Tyrese Martin,2191897.0
2026,T410,Tyrese Martin,
2027,T410,Tyrese Martin,
2028,T410,Tyrese Martin,
2025,T410,Tyler Kolek,2191897.0
2026,T410,Tyler Kolek,2296271.0
2027,T410,Tyler Kolek,2486995.0
2028,T410,Tyler Kolek,
2025,T410,Jaylen Clark,2191897.0
2026,T410,Jaylen Clark,
2027,T410,Jaylen Clark,
2028,T410,Jaylen Clark,
2025,T414,Nigel Hayes,2048494.0
2026,T414,Nigel Hayes,
2027,T414,Nigel Hayes,
2028,T414,Nigel Hayes,
2025,T414,Justin Edwards,2048494.0
2026,T414,Justin Edwards,2411090.0
2027,T414,Justin Edwards,2616754.0
2028,T414,Justin Edwards,
2025,T416,Drew Timme,1955377.0
2026,T416,Drew Timme,
2027,T416,Drew Timme,
2028,T416,Drew Timme,
2025,T416,Quinten Post,1955377.0
2026,T416,Quinten Post,
2027,T416,Quinten Post,
2028,T416,Quinten Post,
2025,T416,Jamison Battle,1955377.0
2026,T416,Jamison Battle,2296271.0
2027,T416,Jamison Battle,
2028,T416,Jamison Battle,
2025,T416,Bobi Klintman,1955377.0
2026,T416,Bobi Klintman,2296271.0
2027,T416,Bobi Klintman,2486995.0
2028,T416,Bobi Klintman,
2025,T416,Karlo Matkovic,1955377.0
2026,T416,Karlo Matkovic,2296271.0
2027,T416,Karlo Matkovic,
2028,T416,Karlo Matkovic,
2025,T416,Adem Bona,1955377.0
2026,T416,Adem Bona,2296271.0
2027,T416,Adem Bona,2486995.0
2028,T416,Adem Bona,
2025,T416,Ariel Hukporti,1955377.0
2026,T416,Ariel Hukporti,
2027,T416,Ariel Hukporti,
2028,T416,Ariel Hukporti,
2025,T416,Johnny Furphy,1955377.0
2026,T416,Johnny Furphy,2296271.0
2027,T416,Johnny Furphy,2486995.0
2028,T416,Johnny Furphy,
2025,T416,Tyler Smith,1955377.0
2026,T416,Tyler Smith,2296271.0
2027,T416,Tyler Smith,2486995.0
2028,T416,Tyler Smith,
2025,T416,Cam Christie,1955377.0
2026,T416,Cam Christie,2296271.0
2027,T416,Cam Christie,2486995.0
2028,T416,Cam Christie,
2025,T416,Jaylen Wells,1955377.0
2026,T416,Jaylen Wells,2296271.0
2027,T416,Jaylen Wells,2486995.0
2028,T416,Jaylen Wells,
2025,T416,Jonathan Mogbo,1955377.0
2026,T416,Jonathan Mogbo,2296271.0
2027,T416,Jonathan Mogbo,
2028,T416,Jonathan Mogbo,
2025,T416,Oso Ighodaro,1955377.0
2026,T416,Oso Ighodaro,2296271.0
2027,T416,Oso Ighodaro,
2028,T416,Oso Ighodaro,
2025,T416,Jamal Shead,1955377.0
2026,T416,Jamal Shead,2296271.0
2027,T416,Jamal Shead,
2028,T416,Jamal Shead,
2025,T416,Bronny James,1955377.0
2026,T416,Bronny James,2296271.0
2027,T416,Bronny James,2486995.0
2028,T416,Bronny James,
2025,T416,Isaac Jones,1955377.0
2026,T416,Isaac Jones,
2027,T416,Isaac Jones,
2028,T416,Isaac Jones,
2025,T416,Pelle Larsson,1955377.0
2026,T416,Pelle Larsson,2296271.0
2027,T416,Pelle Larsson,
2028,T416,Pelle Larsson,
2025,T416,Keshad Johnson,1955377.0
2026,T416,Keshad Johnson,
2027,T416,Keshad Johnson,
2028,T416,Keshad Johnson,
2025,434,Chaz Lanier,1372870.0
2026,434,Chaz Lanier,2150917.0
2027,434,Chaz Lanier,2525901.0
2028,434,Chaz Lanier,2735698.0
2025,T435,A. Marciulionis,1272870.0
2026,T435,A. Marciulionis,
2027,T435,A. Marciulionis,
2028,T435,A. Marciulionis,
2025,T435,Arthur Kaluma,1272870.0
2026,T435,Arthur Kaluma,
2027,T435,Arthur Kaluma,
2028,T435,Arthur Kaluma,
2025,T435,Eric Dixon,1272870.0
2026,T435,Eric Dixon,
2027,T435,Eric Dixon,
2028,T435,Eric Dixon,
2025,T435,RJ Davis,1272870.0
2026,T435,RJ Davis,
2027,T435,RJ Davis,
2028,T435,RJ Davis,
2025,T435,Gabe Madsen,1272870.0
2026,T435,Gabe Madsen,
2027,T435,Gabe Madsen,
2028,T435,Gabe Madsen,
2025,T435,Hayden Gray,1272870.0
2026,T435,Hayden Gray,
2027,T435,Hayden Gray,
2028,T435,Hayden Gray,
2025,T435,Cam Matthews,1272870.0
2026,T435,Cam Matthews,
2027,T435,Cam Matthews,
2028,T435,Cam Matthews,
2025,T435,Nikola Djurisic,1272870.0
2026,T435,Nikola Djurisic,2150917.0
2027,T435,Nikola Djurisic,2525901.0
2028,T435,Nikola Djurisic,
2025,T435,M. Cleveland,1272870.0
2026,T435,M. Cleveland,
2027,T435,M. Cleveland,
2028,T435,M. Cleveland,
2025,T435,Moussa Cisse,1272870.0
2026,T435,Moussa Cisse,
2027,T435,Moussa Cisse,
2028,T435,Moussa Cisse,
2025,T435,Igor Milicic,1272870.0
2026,T435,Igor Milicic,
2027,T435,Igor Milicic,
2028,T435,Igor Milicic,
2025,T435,Kam Jones,1272870.0
2026,T435,Kam Jones,2150917.0
2027,T435,Kam Jones,2525901.0
2028,T435,Kam Jones,2735698.0
2025,T435,Caleb Grill,1272870.0
2026,T435,Caleb Grill,
2027,T435,Caleb Grill,
2028,T435,Caleb Grill,
2025,T435,Adou Thiero,1272870.0
2026,T435,Adou Thiero,2150917.0
2027,T435,Adou Thiero,2525901.0
2028,T435,Adou Thiero,
2025,T435,Rasheer Fleming,1272870.0
2026,T435,Rasheer Fleming,2150917.0
2027,T435,Rasheer Fleming,2525901.0
2028,T435,Rasheer Fleming,2735698.0
2025,T435,Micah Peavy,1272870.0
2026,T435,Micah Peavy,2150917.0
2027,T435,Micah Peavy,2525901.0
2028,T435,Micah Peavy,2735698.0
2025,T435,Wooga Poplar,1272870.0
2026,T435,Wooga Poplar,
2027,T435,Wooga Poplar,
2028,T435,Wooga Poplar,
2025,T435,Noah Penda,1272870.0
2026,T435,Noah Penda,2150917.0
2027,T435,Noah Penda,2525901.0
2028,T435,Noah Penda,2735698.0
2025,T435,Maxime Raynaud,1272870.0
2026,T435,Maxime Raynaud,2150917.0
2027,T435,Maxime Raynaud,2525901.0
2028,T435,Maxime Raynaud,
2025,T435,Johni Broome,1272870.0
2026,T435,Johni Broome,2150917.0
2027,T435,Johni Broome,2525901.0
2028,T435,Johni Broome,2735698.0
2025,T435,Tyrese Proctor,1272870.0
2026,T435,Tyrese Proctor,2150917.0
2027,T435,Tyrese Proctor,2525901.0
2028,T435,Tyrese Proctor,2735698.0
2025,456,EJ Liddell,706898.0
2026,456,EJ Liddell,706898.0
2027,456,EJ Liddell,
2028,456,EJ Liddell,
2025,457,Vasilije Micic,666667.0
2026,457,Vasilije Micic,666667.0
2027,457,Vasilije Micic,666667.0
2028,457,Vasilije Micic,
2025,T458,Jordan Miller,636435.0
2026,T458,Jordan Miller,
2027,T458,Jordan Miller,
2028,T458,Jordan Miller,
2025,T458,JD Davison,636435.0
2026,T458,JD Davison,
2027,T458,JD Davison,
2028,T458,JD Davison,
2025,T458,Jamal Cain,636435.0
2026,T458,Jamal Cain,
2027,T458,Jamal Cain,
2028,T458,Jamal Cain,
2025,T458,Isaiah Crawford,636435.0
2026,T458,Isaiah Crawford,
2027,T458,Isaiah Crawford,
2028,T458,Isaiah Crawford,
2025,T458,Antonio Reeves,636435.0
2026,T458,Antonio Reeves,
2027,T458,Antonio Reeves,
2028,T458,Antonio Reeves,
2025,T458,Chris Manon,636435.0
2026,T458,Chris Manon,
2027,T458,Chris Manon,
2028,T458,Chris Manon,
2025,T458,David Jones,636435.0
2026,T458,David Jones,
2027,T458,David Jones,
2028,T458,David Jones,
2025,T458,Orlando Robinson,636435.0
2026,T458,Orlando Robinson,
2027,T458,Orlando Robinson,
2028,T458,Orlando Robinson,
2025,T458,Christian Koloko,636435.0
2026,T458,Christian Koloko,
2027,T458,Christian Koloko,
2028,T458,Christian Koloko,
2025,T458,Curtis Jones,636435.0
2026,T458,Curtis Jones,
2027,T458,Curtis Jones,
2028,T458,Curtis Jones,
2025,T458,PJ Hall,636435.0
2026,T458,PJ Hall,
2027,T458,PJ Hall,
2028,T458,PJ Hall,
2025,T458,Keaton Wallace,636435.0
2026,T458,Keaton Wallace,
2027,T458,Keaton Wallace,
2028,T458,Keaton Wallace,
2025,T458,Yuki Kawamura,636435.0
2026,T458,Yuki Kawamura,
2027,T458,Yuki Kawamura,
2028,T458,Yuki Kawamura,
2025,T458,Drew Peterson,636435.0
2026,T458,Drew Peterson,
2027,T458,Drew Peterson,
2028,T458,Drew Peterson,
2025,T458,Jacob Toppin,636435.0
2026,T458,Jacob Toppin,
2027,T458,Jacob Toppin,
2028,T458,Jacob Toppin,
2025,T458,Tristan Vukcevic,636435.0
2026,T458,Tristan Vukcevic,
2027,T458,Tristan Vukcevic,
2028,T458,Tristan Vukcevic,
2025,T458,Javon Small,636435.0
2026,T458,Javon Small,
2027,T458,Javon Small,
2028,T458,Javon Small,
2025,T458,Alijah Martin,636435.0
2026,T458,Alijah Martin,
2027,T458,Alijah Martin,
2028,T458,Alijah Martin,
2025,T458,Kobe Sanders,636435.0
2026,T458,Kobe Sanders,679042.0
2027,T458,Kobe Sanders,
2028,T458,Kobe Sanders,
2025,T458,Dominick Barlow,636435.0
2026,T458,Dominick Barlow,
2027,T458,Dominick Barlow,
2028,T458,Dominick Barlow,
2025,T458,Isaiah Livers,636435.0
2026,T458,Isaiah Livers,
2027,T458,Isaiah Livers,
2028,T458,Isaiah Livers,
2025,T458,Quenton Jackson,636435.0
2026,T458,Quenton Jackson,
2027,T458,Quenton Jackson,
2028,T458,Quenton Jackson,
2025,T458,Jabari Walker,636435.0
2026,T458,Jabari Walker,
2027,T458,Jabari Walker,
2028,T458,Jabari Walker,
2025,T458,Isaiah Stevens,636435.0
2026,T458,Isaiah Stevens,679042.0
2027,T458,Isaiah Stevens,
2028,T458,Isaiah Stevens,
2025,T458,Koby Brea,636435.0
2026,T458,Koby Brea,
2027,T458,Koby Brea,
2028,T458,Koby Brea,
2025,T458,RJ Luis Jr,636435.0
2026,T458,RJ Luis Jr,679042.0
2027,T458,RJ Luis Jr,
2028,T458,RJ Luis Jr,
2025,T458,Jamir Watkins,636435.0
2026,T458,Jamir Watkins,
2027,T458,Jamir Watkins,
2028,T458,Jamir Watkins,
2025,T458,Kevon Harris,636435.0
2026,T458,Kevon Harris,
2027,T458,Kevon Harris,
2028,T458,Kevon Harris,
2025,T458,Tyson Etienne,636435.0
2026,T458,Tyson Etienne,
2027,T458,Tyson Etienne,
2028,T458,Tyson Etienne,
2025,T458,Trey Alexander,636435.0
2026,T458,Trey Alexander,
2027,T458,Trey Alexander,
2028,T458,Trey Alexander,
2025,T458,Spencer Jones,636435.0
2026,T458,Spencer Jones,
2027,T458,Spencer Jones,
2028,T458,Spencer Jones,
2025,T458,Brooks Barnhizer,636435.0
2026,T458,Brooks Barnhizer,
2027,T458,Brooks Barnhizer,
2028,T458,Brooks Barnhizer,
2025,T458,Hunter Dickinson,636435.0
2026,T458,Hunter Dickinson,
2027,T458,Hunter Dickinson,
2028,T458,Hunter Dickinson,
2025,T458,Mark Sears,636435.0
2026,T458,Mark Sears,
2027,T458,Mark Sears,
2028,T458,Mark Sears,
2025,T458,Ryan Nembhard,636435.0
2026,T458,Ryan Nembhard,
2027,T458,Ryan Nembhard,
2028,T458,Ryan Nembhard,
2025,T458,Miles Kelly,636435.0
2026,T458,Miles Kelly,
2027,T458,Miles Kelly,
2028,T458,Miles Kelly,
2025,T458,Eli Ndiaye,636435.0
2026,T458,Eli Ndiaye,
2027,T458,Eli Ndiaye,
2028,T458,Eli Ndiaye,
2025,T458,Luke Travers,636435.0
2026,T458,Luke Travers,
2027,T458,Luke Travers,
2028,T458,Luke Travers,
2025,T458,Vladislav Goldin,636435.0
2026,T458,Vladislav Goldin,
2027,T458,Vladislav Goldin,
2028,T458,Vladislav Goldin,
2025,T458,Dylan Cardwell,636435.0
2026,T458,Dylan Cardwell,679042.0
2027,T458,Dylan Cardwell,
2028,T458,Dylan Cardwell,
2025,T458,CJ Huntley,636435.0
2026,T458,CJ Huntley,679042.0
2027,T458,CJ Huntley,
2028,T458,CJ Huntley,
2025,T458,Lachlan Olbrich,636435.0
2026,T458,Lachlan Olbrich,
2027,T458,Lachlan Olbrich,
2028,T458,Lachlan Olbrich,
2025,T458,Trentyn Flowers,636435.0
2026,T458,Trentyn Flowers,
2027,T458,Trentyn Flowers,
2028,T458,Trentyn Flowers,
2025,T458,Tamar Bates,636435.0
2026,T458,Tamar Bates,
2027,T458,Tamar Bates,
2028,T458,Tamar Bates,
2025,T458,Hunter Sallis,636435.0
2026,T458,Hunter Sallis,
2027,T458,Hunter Sallis,
2028,T458,Hunter Sallis,
2025,T458,Caleb Love,636435.0
2026,T458,Caleb Love,
2027,T458,Caleb Love,
2028,T458,Caleb Love,
2025,T458,Chucky Hepburn,636435.0
2026,T458,Chucky Hepburn,
2027,T458,Chucky Hepburn,
2028,T458,Chucky Hepburn,
2025,T458,Jesse Edwards,636435.0
2026,T458,Jesse Edwards,
2027,T458,Jesse Edwards,
2028,T458,Jesse Edwards,
2025,T458,Emanuel Miller,636435.0
2026,T458,Emanuel Miller,
2027,T458,Emanuel Miller,
2028,T458,Emanuel Miller,
2025,T508,Taelon Peter,636434.0
2026,T508,Taelon Peter,679042.0
2027,T508,Taelon Peter,
2028,T508,Taelon Peter,
2025,T508,Myron Gardner,636434.0
2026,T508,Myron Gardner,679042.0
2027,T508,Myron Gardner,
2028,T508,Myron Gardner,
2025,T508,Rocco Zikarsky,636434.0
2026,T508,Rocco Zikarsky,679042.0
2027,T508,Rocco Zikarsky,
2028,T508,Rocco Zikarsky,
2025,T508,Miles Norris,636434.0
2026,T508,Miles Norris,
2027,T508,Miles Norris,
2028,T508,Miles Norris,
2025,T508,Pete Nance,636434.0
2026,T508,Pete Nance,
2027,T508,Pete Nance,
2028,T508,Pete Nance,
2025,T508,Nae'qwan Tomlin,636434.0
2026,T508,Nae'qwan Tomlin,
2027,T508,Nae'qwan Tomlin,
2028,T508,Nae'qwan Tomlin,
2025,T508,Sidy Cissoko,636434.0
2026,T508,Sidy Cissoko,
2027,T508,Sidy Cissoko,
2028,T508,Sidy Cissoko,
2025,T508,Jaylen Martin,636434.0
2026,T508,Jaylen Martin,
2027,T508,Jaylen Martin,
2028,T508,Jaylen Martin,
2025,T508,Jackson Rowe,636434.0
2026,T508,Jackson Rowe,
2027,T508,Jackson Rowe,
2028,T508,Jackson Rowe,
2025,T508,Tolu Smith,636434.0
2026,T508,Tolu Smith,
2027,T508,Tolu Smith,
2028,T508,Tolu Smith,
2025,T508,RayJ Dennis,636434.0
2026,T508,RayJ Dennis,
2027,T508,RayJ Dennis,
2028,T508,RayJ Dennis,
2025,T508,Tosan Evbuomwan,636434.0
2026,T508,Tosan Evbuomwan,
2027,T508,Tosan Evbuomwan,
2028,T508,Tosan Evbuomwan,
2025,T508,Elijah Harkless,636434.0
2026,T508,Elijah Harkless,
2027,T508,Elijah Harkless,
2028,T508,Elijah Harkless,
2025,T508,KJ Simpson,636434.0
2026,T508,KJ Simpson,
2027,T508,KJ Simpson,
2028,T508,KJ Simpson,
2025,T508,Ulrich Chomche,636434.0
2026,T508,Ulrich Chomche,
2027,T508,Ulrich Chomche,
2028,T508,Ulrich Chomche,
2025,523,Mamadi Diakite,464050.0
2026,523,Mamadi Diakite,464050.0
2027,523,Mamadi Diakite,
2028,523,Mamadi Diakite,
2025,524,Ricky Rubio,424672.0
2026,524,Ricky Rubio,424672.0
2027,524,Ricky Rubio,
2028,524,Ricky Rubio,
2025,525,Didi Louzada,268032.0
2026,525,Didi Louzada,268032.0
2027,525,Didi Louzada,268032.0
2028,525,Didi Louzada,
2025,526,Richaun Holmes,250000.0
2026,526,Richaun Holmes,
2027,526,Richaun Holmes,
2028,526,Richaun Holmes,
2025,527,Maxwell Lewis,100000.0
2026,527,Maxwell Lewis,
2027,527,Maxwell Lewis,
2028,527,Maxwell Lewis,
2025,T528,Seth Lundy,85300.0
2026,T528,Seth Lundy,
2027,T528,Seth Lundy,
2028,T528,Seth Lundy,
2025,T528,Jared Rhoden,85300.0
2026,T528,Jared Rhoden,
2027,T528,Jared Rhoden,
2028,T528,Jared Rhoden,
2025,T299,Bismack Biyombo,3634153.0
2026,T299,Bismack Biyombo,
2027,T299,Bismack Biyombo,
2028,T299,Bismack Biyombo,
2025,T321,Malcolm Brogdon,3303774.0
2026,T321,Malcolm Brogdon,
2027,T321,Malcolm Brogdon,
2028,T321,Malcolm Brogdon,
2025,323,Chris Boucher,3287409.0
2026,323,Chris Boucher,
2027,323,Chris Boucher,
2028,323,Chris Boucher,
2025,T331,Landry Shamet,3080921.0
2026,T331,Landry Shamet,
2027,T331,Landry Shamet,
2028,T331,Landry Shamet,
2025,T345,Moses Brown,2874436.0
2026,T345,Moses Brown,
2027,T345,Moses Brown,
2028,T345,Moses Brown,
2025,T345,Garrison Mathews,2874436.0
2026,T345,Garrison Mathews,
2027,T345,Garrison Mathews,
2028,T345,Garrison Mathews,
2025,T345,T. Antetokounmpo,2874436.0
2026,T345,T. Antetokounmpo,
2027,T345,T. Antetokounmpo,
2028,T345,T. Antetokounmpo,
2025,T345,Jalen McDaniels,2874436.0
2026,T345,Jalen McDaniels,
2027,T345,Jalen McDaniels,
2028,T345,Jalen McDaniels,
2025,T345,Amir Coffey,2874436.0
2026,T345,Amir Coffey,
2027,T345,Amir Coffey,
2028,T345,Amir Coffey,
2025,T345,Javonte Green,2874436.0
2026,T345,Javonte Green,
2027,T345,Javonte Green,
2028,T345,Javonte Green,
2025,T364,Skal Labissiere,2667947.0
2026,T364,Skal Labissiere,
2027,T364,Skal Labissiere,
2028,T364,Skal Labissiere,
2025,T364,Anthony Gill,2667947.0
2026,T364,Anthony Gill,
2027,T364,Anthony Gill,
2028,T364,Anthony Gill,
2025,T375,Charles Bassey,2461463.0
2026,T375,Charles Bassey,
2027,T375,Charles Bassey,
2028,T375,Charles Bassey,
2025,T375,Jason Preston,2461463.0
2026,T375,Jason Preston,
2027,T375,Jason Preston,
2028,T375,Jason Preston,
2025,T375,Kessler Edwards,2461463.0
2026,T375,Kessler Edwards,
2027,T375,Kessler Edwards,
2028,T375,Kessler Edwards,
2025,T375,Jaden Springer,2461463.0
2026,T375,Jaden Springer,
2027,T375,Jaden Springer,
2028,T375,Jaden Springer,
2025,T386,Stanley Umude,2378870.0
2026,T386,Stanley Umude,
2027,T386,Stanley Umude,
2028,T386,Stanley Umude,
2025,T386,Justin Minaya,2378870.0
2026,T386,Justin Minaya,
2027,T386,Justin Minaya,
2028,T386,Justin Minaya,
2025,T386,Alondes Williams,2378870.0
2026,T386,Alondes Williams,
2027,T386,Alondes Williams,
2028,T386,Alondes Williams,
2025,T386,Dru Smith,2378870.0
2026,T386,Dru Smith,2584539.0
2027,T386,Dru Smith,2934742.0
2028,T386,Dru Smith,
2025,T386,Lester Quinones,2378870.0
2026,T386,Lester Quinones,
2027,T386,Lester Quinones,
2028,T386,Lester Quinones,
2025,T386,Ron Harper Jr,2378870.0
2026,T386,Ron Harper Jr,
2027,T386,Ron Harper Jr,
2028,T386,Ron Harper Jr,
2025,T386,Olivier Sarr,2378870.0
2026,T386,Olivier Sarr,
2027,T386,Olivier Sarr,
2028,T386,Olivier Sarr,
2025,T386,Patrick Baldwin,2378870.0
2026,T386,Patrick Baldwin,
2027,T386,Patrick Baldwin,
2028,T386,Patrick Baldwin,
2025,T409,Micah Potter,2296274.0
2026,T409,Micah Potter,
2027,T409,Micah Potter,
2028,T409,Micah Potter,
2025,T409,Adam Flagler,2296274.0
2026,T409,Adam Flagler,
2027,T409,Adam Flagler,
2028,T409,Adam Flagler,
2025,T419,Colby Jones,2221677.0
2026,T419,Colby Jones,2406205.0
2027,T419,Colby Jones,
2028,T419,Colby Jones,
2025,T439,Trevor Keels,2048494.0
2026,T439,Trevor Keels,
2027,T439,Trevor Keels,
2028,T439,Trevor Keels,
2025,T439,Jalen Slawson,2048494.0
2026,T439,Jalen Slawson,
2027,T439,Jalen Slawson,
2028,T439,Jalen Slawson,
2025,T439,Dain Dainja,2048494.0
2026,T439,Dain Dainja,
2027,T439,Dain Dainja,
2028,T439,Dain Dainja,
2025,T439,Phillip Wheeler,2048494.0
2026,T439,Phillip Wheeler,
2027,T439,Phillip Wheeler,
2028,T439,Phillip Wheeler,
2025,T439,Reece Beekman,2048494.0
2026,T439,Reece Beekman,
2027,T439,Reece Beekman,
2028,T439,Reece Beekman,
2025,T439,Kylor Kelley,2048494.0
2026,T439,Kylor Kelley,
2027,T439,Kylor Kelley,
2028,T439,Kylor Kelley,
2025,T439,Taevion Kinsey,2048494.0
2026,T439,Taevion Kinsey,
2027,T439,Taevion Kinsey,
2028,T439,Taevion Kinsey,
2025,T439,Jahmir Young,2048494.0
2026,T439,Jahmir Young,
2027,T439,Jahmir Young,
2028,T439,Jahmir Young,
2025,T439,N'Faly Dante,2048494.0
2026,T439,N'Faly Dante,2411090.0
2027,T439,N'Faly Dante,
2028,T439,N'Faly Dante,
2025,T439,Ethan Thompson,2048494.0
2026,T439,Ethan Thompson,
2027,T439,Ethan Thompson,
2028,T439,Ethan Thompson,
2025,T439,Malevy Leons,2048494.0
2026,T439,Malevy Leons,
2027,T439,Malevy Leons,
2028,T439,Malevy Leons,
2025,T471,Isaiah Miller,1272870.0
2026,T471,Isaiah Miller,
2027,T471,Isaiah Miller,
2028,T471,Isaiah Miller,
2025,T471,Javonte Cooke,1272870.0
2026,T471,Javonte Cooke,
2027,T471,Javonte Cooke,
2028,T471,Javonte Cooke,
2025,T471,Jamarion Sharp,1272870.0
2026,T471,Jamarion Sharp,
2027,T471,Jamarion Sharp,
2028,T471,Jamarion Sharp,
2025,T471,Cormac Ryan,1272870.0
2026,T471,Cormac Ryan,
2027,T471,Cormac Ryan,
2028,T471,Cormac Ryan,
2025,T471,Tyreke Key,1272870.0
2026,T471,Tyreke Key,
2027,T471,Tyreke Key,
2028,T471,Tyreke Key,
2025,T471,Kobe Johnson,1272870.0
2026,T471,Kobe Johnson,
2027,T471,Kobe Johnson,
2028,T471,Kobe Johnson,
2025,T471,J. Shackelford,1272870.0
2026,T471,J. Shackelford,
2027,T471,J. Shackelford,
2028,T471,J. Shackelford,
2025,T471,Tyler Burton,1272870.0
2026,T471,Tyler Burton,
2027,T471,Tyler Burton,
2028,T471,Tyler Burton,
2025,T471,Garrison Brooks,1272870.0
2026,T471,Garrison Brooks,
2027,T471,Garrison Brooks,
2028,T471,Garrison Brooks,
2025,T471,CJ Fulton,1272870.0
2026,T471,CJ Fulton,
2027,T471,CJ Fulton,
2028,T471,CJ Fulton,
2025,T471,Zach Freemantle,1272870.0
2026,T471,Zach Freemantle,
2027,T471,Zach Freemantle,
2028,T471,Zach Freemantle,
2025,T471,Akoldah Gak,1272870.0
2026,T471,Akoldah Gak,
2027,T471,Akoldah Gak,
2028,T471,Akoldah Gak,
2025,T471,Lawson Lovering,1272870.0
2026,T471,Lawson Lovering,
2027,T471,Lawson Lovering,
2028,T471,Lawson Lovering,
2025,T508,Jahmai Masack,636435.0
2026,T508,Jahmai Masack,
2027,T508,Jahmai Masack,
2028,T508,Jahmai Masack,
2025,T508,Alex Toohey,636435.0
2026,T508,Alex Toohey,
2027,T508,Alex Toohey,
2028,T508,Alex Toohey,
2025,T508,Will Richard,636435.0
2026,T508,Will Richard,
2027,T508,Will Richard,
2028,T508,Will Richard,
2025,T508,Daniss Jenkins,636435.0
2026,T508,Daniss Jenkins,
2027,T508,Daniss Jenkins,
2028,T508,Daniss Jenkins,
2025,T508,Riley Minix,636435.0
2026,T508,Riley Minix,
2027,T508,Riley Minix,
2028,T508,Riley Minix,
2025,T508,Harrison Ingram,636435.0
2026,T508,Harrison Ingram,
2027,T508,Harrison Ingram,
2028,T508,Harrison Ingram,
2025,T508,Enrique Freeman,636435.0
2026,T508,Enrique Freeman,
2027,T508,Enrique Freeman,
2028,T508,Enrique Freeman,
2025,T508,John Tonje,636435.0
2026,T508,John Tonje,
2027,T508,John Tonje,
2028,T508,John Tonje,
2025,T508,Max Shulga,636435.0
2026,T508,Max Shulga,
2027,T508,Max Shulga,
2028,T508,Max Shulga,
2025,T508,Bryce McGowens,636435.0
2026,T508,Bryce McGowens,
2027,T508,Bryce McGowens,
2028,T508,Bryce McGowens,
2025,T508,Daeqwon Plowden,636435.0
2026,T508,Daeqwon Plowden,
2027,T508,Daeqwon Plowden,
2028,T508,Daeqwon Plowden,
2025,T508,Branden Carlson,636435.0
2026,T508,Branden Carlson,
2027,T508,Branden Carlson,
2028,T508,Branden Carlson,
